exp,source,target,edges,density,t_dijkstra,t_floyd
0,0,23,323,0.7425287356321839,6.454000003941474e-05,0.0039361169999665435
1,18,5,321,0.7379310344827587,3.605100005188433e-05,0.003834684999901583
2,1,17,324,0.7448275862068966,4.8800000058690784e-05,0.0039167669999642385
3,8,18,323,0.7425287356321839,4.8410000090370886e-05,0.0040153169998120575
4,21,24,328,0.7540229885057471,2.4339999981748406e-05,0.003919915999858858
5,24,3,332,0.7632183908045977,3.1900999829304055e-05,0.003975685999876077
6,11,6,340,0.7816091954022989,5.791000012322911e-05,0.003970406000007642
7,18,9,344,0.7908045977011494,6.536999990203185e-05,0.00392542700001286
8,24,29,325,0.7471264367816092,2.4910000092859264e-05,0.003941286999861404
9,15,16,327,0.7517241379310344,4.5759999920846894e-05,0.003993585999978677
10,27,0,334,0.767816091954023,4.097000010006013e-05,0.004003877000059219
11,16,12,319,0.7333333333333333,5.951100001766463e-05,0.003976176000151099
12,19,17,317,0.728735632183908,7.593999998789513e-05,0.003926456000044709
13,4,27,340,0.7816091954022989,7.821999997759121e-05,0.003915236000011646
14,8,11,320,0.735632183908046,6.761999998161627e-05,0.003929276999997455
15,21,5,319,0.7333333333333333,3.295000010439253e-05,0.00415732799979196
16,1,21,340,0.7816091954022989,6.828000005043577e-05,0.0038761060000069847
17,1,23,325,0.7471264367816092,5.2900000127920066e-05,0.003953376000026765
18,1,21,320,0.735632183908046,3.2420000025012996e-05,0.0039561260000482434
19,8,27,329,0.7563218390804598,2.9749999839623342e-05,0.0039930070001901186
20,15,0,332,0.7632183908045977,3.3150000035675475e-05,0.003920847000017602
21,20,17,327,0.7517241379310344,6.317099996522302e-05,0.003965116000017588
22,4,21,333,0.7655172413793103,2.853000000868633e-05,0.003913786000111941
23,26,7,330,0.7586206896551724,7.323999989239383e-05,0.0039273259999390575
24,23,12,333,0.7655172413793103,3.564999997252016e-05,0.003908046000105969
25,23,26,330,0.7586206896551724,5.7560000186640536e-05,0.003942105999840351
26,19,23,320,0.735632183908046,5.049999981565634e-05,0.003971726999907332
27,2,20,333,0.7655172413793103,6.191100010255468e-05,0.003885336000166717
28,7,19,342,0.7862068965517242,5.824100003337662e-05,0.003870936000112124
29,23,12,342,0.7862068965517242,3.130999994027661e-05,0.003908367000121871
30,4,7,333,0.7655172413793103,3.107099996668694e-05,0.00388738500009822
31,12,4,336,0.7724137931034483,7.981999988260213e-05,0.003947696999830441
32,5,17,328,0.7540229885057471,2.4069999881248805e-05,0.00401168600001256
33,0,10,331,0.7609195402298851,1.692999990154931e-05,0.003912516000127653
34,18,15,341,0.7839080459770115,6.465000001298904e-05,0.0038552860000891087
35,17,12,314,0.7218390804597701,2.592999999251333e-05,0.003944816000057472
36,5,18,317,0.728735632183908,1.7159999970317585e-05,0.003966207000075883
37,14,20,328,0.7540229885057471,5.183099983696593e-05,0.003931766000050629
38,14,10,332,0.7632183908045977,2.4420000045211054e-05,0.0039146260000961774
39,3,14,342,0.7862068965517242,5.643999998028448e-05,0.0038999260000309732
40,24,9,338,0.7770114942528735,6.286000007094117e-05,0.003925195999954667
41,5,10,332,0.7632183908045977,5.407000003287976e-05,0.003930105999870648
42,23,27,333,0.7655172413793103,5.716000009670097e-05,0.003900496000142084
43,27,2,344,0.7908045977011494,6.555000004482281e-05,0.003969066999843562
44,9,20,316,0.7264367816091954,8.295099996757926e-05,0.003960056000096301
45,6,24,329,0.7563218390804598,6.007999991197721e-05,0.0039996269999846845
46,19,7,325,0.7471264367816092,6.211100003383763e-05,0.003957915999990291
47,21,6,325,0.7471264367816092,7.527000002482964e-05,0.0038991059998352284
48,27,13,333,0.7655172413793103,3.6639999962062575e-05,0.003926625999838507
49,24,29,326,0.7494252873563219,5.8820000049308874e-05,0.003968025999938618
50,4,6,343,0.7885057471264367,5.4419999969468336e-05,0.003887486999929024
51,25,9,313,0.7195402298850575,7.372099980784697e-05,0.004020686000103524
52,15,27,333,0.7655172413793103,4.0369999851463945e-05,0.003939346000152
53,0,9,328,0.7540229885057471,7.744000004095142e-05,0.003935366999940015
54,23,17,314,0.7218390804597701,7.724000010966847e-05,0.004004737000059322
55,5,8,329,0.7563218390804598,7.752999999866006e-05,0.003944796000041606
56,14,14,335,0.7701149425287356,8.239999942816212e-06,0.0038793659998646035
57,1,10,336,0.7724137931034483,2.994000010403397e-05,0.0039066360000106215
58,10,4,345,0.7931034482758621,5.121000003782683e-05,0.00395881700001155
59,25,26,321,0.7379310344827587,6.258999997044157e-05,0.0039359770000828576
60,28,10,328,0.7540229885057471,1.6950000144788646e-05,0.003954537000026903
61,19,29,322,0.7402298850574712,7.919099994069256e-05,0.003943305999882796
62,27,10,332,0.7632183908045977,3.997099997832265e-05,0.0039466759999413625
63,6,12,322,0.7402298850574712,5.046999990554468e-05,0.003928296000140108
64,26,3,338,0.7770114942528735,8.06099999408616e-05,0.0038798059999862744
65,7,28,329,0.7563218390804598,4.5439999894369976e-05,0.003930186000161484
66,28,6,330,0.7586206896551724,2.470000003995665e-05,0.003942536000067776
67,3,29,333,0.7655172413793103,7.785999991938297e-05,0.003911587000175132
68,14,21,325,0.7471264367816092,5.638000016006117e-05,0.003952497000000221
69,9,4,342,0.7862068965517242,3.832099991996074e-05,0.003967436000039015
70,7,25,328,0.7540229885057471,6.355000004987232e-05,0.003967935999980909
71,20,8,316,0.7264367816091954,2.0489999997153063e-05,0.003987246999940908
72,2,1,335,0.7701149425287356,1.6710000181774376e-05,0.003917287000149372
73,10,25,333,0.7655172413793103,3.461999995124643e-05,0.003927586000145311
74,28,25,340,0.7816091954022989,8.185999990928394e-05,0.003943036999999094
75,26,28,345,0.7931034482758621,7.71200000144745e-05,0.003942106000067724
76,24,12,320,0.735632183908046,1.6700000060154707e-05,0.003942626000025484
77,20,27,326,0.7494252873563219,5.85899999805406e-05,0.003933395999865752
78,15,20,325,0.7471264367816092,4.723000006379152e-05,0.003986227000041254
79,3,24,332,0.7632183908045977,6.501999996544328e-05,0.003911596000079953
80,3,2,328,0.7540229885057471,6.744000006619899e-05,0.003878306000160592
81,25,8,333,0.7655172413793103,6.065999991733406e-05,0.003927556000007826
82,8,29,333,0.7655172413793103,6.432999998651212e-05,0.0039059760001691757
83,6,10,328,0.7540229885057471,4.085000000486616e-05,0.0039442169997983
84,14,11,311,0.7149425287356321,5.024000006415008e-05,0.003968026999928043
85,14,27,324,0.7448275862068966,6.04100000600738e-05,0.0039699369999652845
86,23,19,330,0.7586206896551724,5.306100001689629e-05,0.003941105999956562
87,14,8,334,0.767816091954023,8.318999994116894e-05,0.003964017000043896
88,8,16,340,0.7816091954022989,6.403099996532546e-05,0.00389772600010474
89,13,13,328,0.7540229885057471,8.079999815890915e-06,0.003917065999985425
90,6,18,316,0.7264367816091954,3.363999985595001e-05,0.003948817000036797
91,22,21,331,0.7609195402298851,5.030100010117167e-05,0.003972795999970913
92,13,8,327,0.7517241379310344,4.8460000016348204e-05,0.004000895999979548
93,29,8,327,0.7517241379310344,7.137000011425698e-05,0.0039517269999578275
94,1,27,322,0.7402298850574712,4.7139999878709204e-05,0.003953706999936912
95,23,7,329,0.7563218390804598,5.136000004313246e-05,0.003996276999941983
96,5,2,327,0.7517241379310344,5.667999994329875e-05,0.0039882359999410255
97,28,16,337,0.774712643678161,1.7399999933331856e-05,0.004005486999858476
98,21,0,327,0.7517241379310344,3.985099988312868e-05,0.003949555999952281
99,18,6,337,0.774712643678161,8.443000001534529e-05,0.003937365999945541
100,26,21,332,0.7632183908045977,6.154999982754816e-05,0.0038906459999452636
101,17,7,336,0.7724137931034483,1.8769999996948172e-05,0.003928136000013183
102,6,16,333,0.7655172413793103,2.599999993435631e-05,0.003887176000034742
103,12,18,344,0.7908045977011494,2.4520000124539365e-05,0.0039272860001347
104,12,25,351,0.8068965517241379,8.544999991499935e-05,0.003905067000005147
105,13,17,337,0.774712643678161,4.042000000481494e-05,0.0039010770001368655
106,6,11,320,0.735632183908046,4.4171000126880244e-05,0.003933446000019103
107,25,1,353,0.8114942528735632,4.1289999899163377e-05,0.003965836000134004
108,19,3,324,0.7448275862068966,6.211999993865902e-05,0.003979707000098642
109,25,26,306,0.7034482758620689,7.201099992926174e-05,0.004018955999981699
110,13,9,331,0.7609195402298851,6.807999989177915e-05,0.003987676999940959
111,26,28,337,0.774712643678161,3.40809999670455e-05,0.0039031359999626147
112,16,19,335,0.7701149425287356,4.1369999962626025e-05,0.00391880699999092
113,8,21,329,0.7563218390804598,5.968000004941132e-05,0.00397271599990745
114,3,21,339,0.7793103448275862,3.4679999998843414e-05,0.003926595999928395
115,7,24,324,0.7448275862068966,3.237999999328167e-05,0.003938206000157152
116,23,18,329,0.7563218390804598,5.5490000022473396e-05,0.003886086999955296
117,11,9,320,0.735632183908046,2.137000001312117e-05,0.003913916000101381
118,26,29,331,0.7609195402298851,8.072000014180958e-05,0.0038768859999436245
119,16,26,321,0.7379310344827587,6.609000001844834e-05,0.0039676159999544325
120,27,19,321,0.7379310344827587,5.207999993217527e-05,0.003969655999981114
121,6,1,333,0.7655172413793103,5.142999998497544e-05,0.003939677000062147
122,0,15,346,0.7954022988505747,5.45509999483329e-05,0.0038802550000127667
123,16,18,314,0.7218390804597701,4.576999981509289e-05,0.00390991600011148
124,29,26,330,0.7586206896551724,5.218000001150358e-05,0.003930616000161535
125,8,13,329,0.7563218390804598,4.091000005246315e-05,0.0039702859999124485
126,7,12,335,0.7701149425287356,8.050999986153329e-05,0.003864475999989736
127,20,29,335,0.7701149425287356,7.475000006706978e-05,0.00395336699989457
128,19,9,311,0.7149425287356321,5.4350000027625356e-05,0.003929207000055612
129,18,8,327,0.7517241379310344,5.4180000006454065e-05,0.003899156999978004
130,26,25,338,0.7770114942528735,7.553099999313417e-05,0.0039608259999113216
131,22,17,343,0.7885057471264367,6.279100011852279e-05,0.0039285860000290995
132,13,17,330,0.7586206896551724,3.642000001491397e-05,0.0039443260000098235
133,9,23,325,0.7471264367816092,6.527999994432321e-05,0.004019226000082199
134,18,10,351,0.8068965517241379,3.3320000056846766e-05,0.0038791859999491862
135,29,6,328,0.7540229885057471,3.2980000014504185e-05,0.0039726959998915845
136,8,26,329,0.7563218390804598,5.679000014424673e-05,0.0039594470001702575
137,6,19,328,0.7540229885057471,5.2710000090883113e-05,0.003955087000122148
138,21,27,312,0.7172413793103448,7.2310999939873e-05,0.003952556000058394
139,28,18,327,0.7517241379310344,6.183100003909203e-05,0.003905905999999959
140,2,3,318,0.7310344827586207,5.784000018138613e-05,0.003929117000097904
141,20,5,319,0.7333333333333333,6.715999984407972e-05,0.003992637000010291
142,22,19,333,0.7655172413793103,1.636999991205812e-05,0.003886214999965887
143,2,11,339,0.7793103448275862,5.942999996477738e-05,0.004009637000081057
144,3,14,334,0.767816091954023,4.99000000218075e-05,0.003927886000155922
145,3,10,324,0.7448275862068966,5.7540000170774874e-05,0.003929736000145567
146,19,16,311,0.7149425287356321,3.5770000067714136e-05,0.003941886000120576
147,5,18,322,0.7402298850574712,4.811999997400562e-05,0.003968155999928058
148,20,27,321,0.7379310344827587,7.220000020424777e-05,0.003958746000080282
149,23,13,332,0.7632183908045977,2.56700000136334e-05,0.003991636999899129
150,16,18,322,0.7402298850574712,2.172000017708342e-05,0.003914835999921706
151,1,14,335,0.7701149425287356,6.055999983800575e-05,0.003958925999995699
152,16,15,338,0.7770114942528735,1.5559999837932992e-05,0.003961767000191685
153,6,7,330,0.7586206896551724,8.310099997288489e-05,0.003934476000040377
154,10,0,330,0.7586206896551724,2.4011000050450093e-05,0.003991145999862056
155,24,2,322,0.7402298850574712,6.40099999600352e-05,0.003969576000145025
156,21,28,328,0.7540229885057471,4.83500000427739e-05,0.003965076999975281
157,2,1,332,0.7632183908045977,4.4449999904827564e-05,0.003962467000064862
158,28,22,336,0.7724137931034483,7.419000007757859e-05,0.004000865999842063
159,25,17,331,0.7609195402298851,2.951999999822874e-05,0.0038996859998405853
160,25,19,324,0.7448275862068966,2.96599998819147e-05,0.003924215999859371
161,16,20,320,0.735632183908046,4.833100001633284e-05,0.003895886000009341
162,14,18,317,0.728735632183908,3.152999988742522e-05,0.003961167000170462
163,2,23,325,0.7471264367816092,7.349099996645236e-05,0.003959506000001056
164,24,9,328,0.7540229885057471,4.278999995221966e-05,0.003962245999900915
165,25,6,332,0.7632183908045977,7.709999999860884e-05,0.003935235999961151
166,3,29,328,0.7540229885057471,8.11600000361068e-05,0.003921676000118168
167,1,29,327,0.7517241379310344,5.863000001227192e-05,0.003980117000082828
168,28,10,348,0.8,6.658999996034254e-05,0.003953125999942131
169,22,3,339,0.7793103448275862,6.772999995519058e-05,0.0040245069999400584
170,26,25,321,0.7379310344827587,6.612999982280598e-05,0.00401195699987511
171,1,27,334,0.767816091954023,4.947100001118088e-05,0.0039313359998232045
172,27,16,349,0.8022988505747126,6.0269999949014164e-05,0.003924356999959855
173,28,18,336,0.7724137931034483,2.4899999971239595e-05,0.003961307000054148
174,12,7,340,0.7816091954022989,7.223100010378403e-05,0.003963195999858726
175,7,19,328,0.7540229885057471,6.68810000661324e-05,0.003976775999944948
176,12,25,335,0.7701149425287356,6.783999992876488e-05,0.003909576000069137
177,24,5,333,0.7655172413793103,7.084999992912344e-05,0.003957945999900403
178,22,27,332,0.7632183908045977,6.723999990754237e-05,0.0039046560000315367
179,27,24,312,0.7172413793103448,6.76099998599966e-05,0.004023787000051016
180,20,22,334,0.767816091954023,7.045100005598215e-05,0.003963756000075591
181,8,25,319,0.7333333333333333,5.308100003276195e-05,0.003957526000021971
182,5,15,348,0.8,2.8989999918849207e-05,0.003944166000110272
183,20,24,309,0.7103448275862069,7.627999980286404e-05,0.003953606000095533
184,5,19,331,0.7609195402298851,6.54499999654945e-05,0.003885495999838895
185,12,5,305,0.7011494252873564,4.061100003127649e-05,0.0039221760000600625
186,5,12,334,0.767816091954023,2.7099999897473026e-05,0.00391373599995859
187,9,28,318,0.7310344827586207,4.026999999950931e-05,0.003941197000131069
188,20,20,344,0.7908045977011494,8.060000027398928e-06,0.003971797000076549
189,8,18,325,0.7471264367816092,7.599100013067073e-05,0.0038954460001150437
190,10,10,331,0.7609195402298851,8.109999953376246e-06,0.003963616999953956
191,21,28,327,0.7517241379310344,7.173099993451615e-05,0.003992056000015509
192,27,11,320,0.735632183908046,4.3059999825345585e-05,0.003911185999868394
193,9,13,322,0.7402298850574712,3.123100009361224e-05,0.004001715999947919
194,20,18,336,0.7724137931034483,6.077000011828204e-05,0.003944185999898764
195,11,13,312,0.7172413793103448,4.224000008434814e-05,0.003940916000146899
196,26,11,344,0.7908045977011494,5.9250000049360096e-05,0.003984506999813675
197,2,28,321,0.7379310344827587,3.5319999824423576e-05,0.0039023360000101093
198,24,8,317,0.728735632183908,4.993000015929283e-05,0.003949015999978656
199,24,21,316,0.7264367816091954,3.102999994553102e-05,0.003956296000069415
200,23,27,343,0.7885057471264367,6.235999990167329e-05,0.003858715999967899
201,2,13,327,0.7517241379310344,3.177999997205916e-05,0.0040037759999904665
202,17,8,312,0.7172413793103448,4.6559999873352353e-05,0.0040245570000934094
203,15,1,328,0.7540229885057471,2.1599999854515772e-05,0.003941876999988381
204,8,28,340,0.7816091954022989,6.671100004496111e-05,0.003948115999946822
205,28,15,333,0.7655172413793103,3.3560000019861036e-05,0.0039572660000430915
206,29,1,336,0.7724137931034483,2.6690999902712065e-05,0.003922425999917323
207,23,27,330,0.7586206896551724,2.839000012500037e-05,0.003947516999915024
208,4,28,329,0.7563218390804598,7.509100009883696e-05,0.003979495999828941
209,12,29,318,0.7310344827586207,5.860999999640626e-05,0.003872406000027695
210,4,15,325,0.7471264367816092,7.095000000845175e-05,0.0038499460001730768
211,16,11,340,0.7816091954022989,3.3250000115003786e-05,0.00395712700014883
212,29,16,325,0.7471264367816092,2.8399999791872688e-05,0.0039012860002003436
213,19,29,331,0.7609195402298851,2.494000000297092e-05,0.003947745999994368
214,5,28,336,0.7724137931034483,3.074999995078542e-05,0.003983196000035605
215,14,20,331,0.7609195402298851,2.8980000024603214e-05,0.003967706999901566
216,17,12,333,0.7655172413793103,1.7400999922756455e-05,0.003970126000012897
217,25,16,324,0.7448275862068966,2.7510000109032262e-05,0.003957156000069517
218,16,26,319,0.7333333333333333,7.638099987161695e-05,0.0038988160001736105
219,5,15,328,0.7540229885057471,6.069100004424399e-05,0.003888905999929193
220,14,2,336,0.7724137931034483,2.720999987104733e-05,0.0038596060001054866
221,10,18,325,0.7471264367816092,2.5189999860231183e-05,0.003933466000034969
222,24,17,324,0.7448275862068966,4.4240000079298625e-05,0.003932016000135263
223,4,18,322,0.7402298850574712,5.0409999857947696e-05,0.003989776000025813
224,14,13,315,0.7241379310344828,2.6530000013735844e-05,0.004044087000011132
225,19,14,330,0.7586206896551724,5.381100004342443e-05,0.003936315999908402
226,0,22,317,0.728735632183908,5.5049999900802504e-05,0.003926707000118768
227,4,24,348,0.8,7.168100000853883e-05,0.003924145999917528
228,26,17,311,0.7149425287356321,3.3630999951128615e-05,0.004017506000081994
229,1,21,328,0.7540229885057471,3.220000007786439e-05,0.003912545999810391
230,21,8,334,0.767816091954023,6.346999998640968e-05,0.0038822760000130074
231,7,25,324,0.7448275862068966,5.1260000191177824e-05,0.003945775999909529
232,0,26,324,0.7448275862068966,5.37799999165145e-05,0.003973445999918113
233,22,21,338,0.7770114942528735,4.654999997910636e-05,0.0039299160000609845
234,3,15,314,0.7218390804597701,2.0339999991847435e-05,0.003968516999975691
235,9,18,330,0.7586206896551724,2.117999997608422e-05,0.003941936000046553
236,22,21,319,0.7333333333333333,1.6579999964960734e-05,0.004019787000061115
237,22,5,332,0.7632183908045977,3.412999990359822e-05,0.004017057000055502
238,10,18,319,0.7333333333333333,6.21809999756806e-05,0.004012326000065514
239,2,1,333,0.7655172413793103,4.8789999937071116e-05,0.0039056759999311907
240,21,27,333,0.7655172413793103,4.611999997905514e-05,0.003955976000042938
241,28,16,326,0.7494252873563219,4.869000008511648e-05,0.004042836999815336
242,15,10,316,0.7264367816091954,2.6850000040212763e-05,0.003932817000077193
243,4,5,326,0.7494252873563219,8.369000011043681e-05,0.003988456999877599
244,1,3,336,0.7724137931034483,5.4111000054035685e-05,0.003956676000143489
245,11,3,345,0.7931034482758621,5.529999998543644e-05,0.003958845999932237
246,2,18,342,0.7862068965517242,6.306000000222411e-05,0.0039007259999834787
247,9,28,324,0.7448275862068966,4.1860000010274234e-05,0.0039013759999306785
248,14,18,321,0.7379310344827587,3.287000004092988e-05,0.003938966000077926
249,17,13,317,0.728735632183908,4.418000003170164e-05,0.00399645600009535
250,2,21,319,0.7333333333333333,3.6650000083682244e-05,0.003961376999995991
251,12,1,321,0.7379310344827587,3.1739999940327834e-05,0.00404035700012173
252,17,13,329,0.7563218390804598,3.855099998872902e-05,0.003965966000123444
253,17,18,344,0.7908045977011494,3.895999998348998e-05,0.003941295999993599
254,26,11,320,0.735632183908046,4.437000006873859e-05,0.003931856000008338
255,5,1,334,0.767816091954023,4.461000003175286e-05,0.003932366000071852
256,29,9,321,0.7379310344827587,7.494999999835272e-05,0.0039020460001211177
257,27,1,326,0.7494252873563219,1.5769999890835606e-05,0.003933125999992626
258,22,18,327,0.7517241379310344,4.913999987365969e-05,0.003923795999980939
259,11,29,327,0.7517241379310344,3.916999980901892e-05,0.0038564559999940684
260,13,8,344,0.7908045977011494,5.85810000757192e-05,0.00399404599988884
261,20,12,326,0.7494252873563219,6.809999990764481e-05,0.003937015999781579
262,21,6,310,0.7126436781609196,6.298000016613514e-05,0.00396196599990617
263,1,3,317,0.728735632183908,3.0259999903137214e-05,0.0038619460001427797
264,27,11,331,0.7609195402298851,8.365999997295148e-05,0.003913885999963895
265,16,25,336,0.7724137931034483,4.120000016882841e-05,0.003909835999820643
266,25,1,334,0.767816091954023,2.7280000040263985e-05,0.003958905999979834
267,12,25,343,0.7885057471264367,5.7360000027983915e-05,0.003959466000196699
268,24,21,316,0.7264367816091954,5.274000000099477e-05,0.003954635999889433
269,18,12,320,0.735632183908046,6.703999997625942e-05,0.003998016999958054
270,10,21,328,0.7540229885057471,3.0140000035316916e-05,0.0039932969998517365
271,11,23,326,0.7494252873563219,5.813999996462371e-05,0.003897545999961949
272,21,23,339,0.7793103448275862,4.4230999947103555e-05,0.003929346000177247
273,3,23,324,0.7448275862068966,1.5110000049389782e-05,0.003910396000037508
274,2,15,343,0.7885057471264367,4.5589999899675604e-05,0.003871656000001167
275,13,29,342,0.7862068965517242,6.926000014573219e-05,0.003954926999995223
276,2,1,320,0.735632183908046,3.4780000078171724e-05,0.003946426000084102
277,19,13,326,0.7494252873563219,6.929000005584385e-05,0.003909227000121973
278,2,4,327,0.7517241379310344,3.659000003608526e-05,0.004007326999953875
279,18,0,326,0.7494252873563219,2.2820000140200136e-05,0.003946176999988893
280,22,27,339,0.7793103448275862,3.188000005138747e-05,0.003924717000018063
281,28,15,337,0.774712643678161,4.735099992103642e-05,0.003987626000025557
282,18,21,319,0.7333333333333333,5.8701000170913176e-05,0.0039209760000176175
283,22,24,325,0.7471264367816092,1.660999987507239e-05,0.00401449700007106
284,10,8,333,0.7655172413793103,3.6149999914414366e-05,0.003907005999963076
285,12,2,336,0.7724137931034483,5.6711000070208684e-05,0.003871705999927144
286,11,11,337,0.774712643678161,8.069999921644921e-06,0.0039895270001579775
287,8,7,319,0.7333333333333333,5.489099999067548e-05,0.003981445999897915
288,18,27,310,0.7126436781609196,3.277099995102617e-05,0.0038850559999445977
289,20,3,323,0.7425287356321839,7.228099980238767e-05,0.0039441260000785405
290,26,10,335,0.7701149425287356,3.5840000009557116e-05,0.0038911070000722248
291,1,16,332,0.7632183908045977,4.1999999893960194e-05,0.003940687000067555
292,10,25,330,0.7586206896551724,5.301000010149437e-05,0.00401514700001826
293,16,27,321,0.7379310344827587,7.515099991906027e-05,0.003967855999917447
294,17,0,339,0.7793103448275862,3.78400000045076e-05,0.003990855999973064
295,11,23,328,0.7540229885057471,6.058999997549108e-05,0.003953287000058481
296,3,23,325,0.7471264367816092,4.590999992615252e-05,0.003951237000137553
297,25,1,309,0.7103448275862069,1.551000013932935e-05,0.003989446999867141
298,24,7,351,0.8068965517241379,4.877000014857913e-05,0.003943207000020266
299,25,29,315,0.7241379310344828,4.5700000100623583e-05,0.0039129060000959726
300,4,13,338,0.7770114942528735,2.599999993435631e-05,0.003930197000045155
301,25,12,338,0.7770114942528735,4.345000002103916e-05,0.00394052699994063
302,21,19,318,0.7310344827586207,6.791999999222753e-05,0.003930156000023999
303,9,0,340,0.7816091954022989,5.8990000070480164e-05,0.003946087000031184
304,18,6,333,0.7655172413793103,7.415100003527186e-05,0.003962966000017332
305,10,21,324,0.7448275862068966,3.4599999935380765e-05,0.003947165999989011
306,12,0,321,0.7379310344827587,1.5530000155195012e-05,0.003945636000025843
307,1,29,341,0.7839080459770115,1.6660000028423383e-05,0.003944217000025674
308,23,3,327,0.7517241379310344,4.543000000012398e-05,0.003873907000070176
309,17,12,333,0.7655172413793103,6.860999997115869e-05,0.003925917000060508
310,27,21,329,0.7563218390804598,5.480100003296684e-05,0.003960856000048807
311,7,28,329,0.7563218390804598,8.333100004165317e-05,0.003956536000032429
312,9,22,328,0.7540229885057471,4.5129999989512726e-05,0.00394634600002064
313,13,4,309,0.7103448275862069,2.718000018830935e-05,0.00393560699990303
314,0,9,329,0.7563218390804598,4.427099997883488e-05,0.003927174999944327
315,14,23,325,0.7471264367816092,6.387000007634924e-05,0.003931337000040003
316,11,1,323,0.7425287356321839,4.835999993701989e-05,0.0039361169999665435
317,5,25,351,0.8068965517241379,3.769099998862657e-05,0.0039544660000956355
318,25,5,322,0.7402298850574712,3.888099990945193e-05,0.003929336000055628
319,15,22,334,0.767816091954023,2.6859999934458756e-05,0.003968187000054968
320,28,7,339,0.7793103448275862,4.5519999957832624e-05,0.0038730159999431635
321,19,27,327,0.7517241379310344,7.260999996105966e-05,0.0040141570000287174
322,13,18,319,0.7333333333333333,7.084000003487745e-05,0.003926266000007672
323,17,11,326,0.7494252873563219,7.473000005120412e-05,0.003956295999842041
324,25,11,338,0.7770114942528735,5.899999996472616e-05,0.0038967460000094434
325,4,2,343,0.7885057471264367,3.4189999951195205e-05,0.003951306000089971
326,21,0,325,0.7471264367816092,6.0120999933133135e-05,0.003945936000036454
327,17,22,325,0.7471264367816092,6.14099999438622e-05,0.003976846000114165
328,15,28,326,0.7494252873563219,2.8470000188463018e-05,0.0039079660000425065
329,5,4,335,0.7701149425287356,6.374100007633388e-05,0.003971126000124059
330,9,25,336,0.7724137931034483,7.804000006217393e-05,0.003879455999822312
331,6,9,318,0.7310344827586207,7.588099992972275e-05,0.0038855259999763803
332,27,7,324,0.7448275862068966,7.598999991387245e-05,0.0039996369998789305
333,16,28,324,0.7448275862068966,3.753000009965035e-05,0.003971525999986625
334,6,25,336,0.7724137931034483,7.410099988192087e-05,0.00400545599995894
335,22,29,320,0.735632183908046,2.68300000243471e-05,0.003999605999979394
336,29,9,337,0.774712643678161,7.411000001411594e-05,0.003955346000111604
337,12,25,334,0.767816091954023,3.595999987737741e-05,0.003922595999938494
338,13,20,335,0.7701149425287356,8.46400000682479e-05,0.003945255999951769
339,21,26,327,0.7517241379310344,7.760999983474903e-05,0.003955066000116858
340,15,13,334,0.767816091954023,3.278999997746723e-05,0.003929055999833508
341,5,15,316,0.7264367816091954,7.849999997233681e-05,0.003993506999904639
342,8,8,309,0.7103448275862069,8.040000011533266e-06,0.003996346000121775
343,14,26,322,0.7402298850574712,6.9989999929021e-05,0.0039546560001326725
344,22,3,315,0.7241379310344828,7.484000002477842e-05,0.004033746999994037
345,17,8,346,0.7954022988505747,3.3490000078018056e-05,0.00399300599997332
346,15,22,325,0.7471264367816092,5.334100001164188e-05,0.003976656000077128
347,2,9,324,0.7448275862068966,7.904099993538694e-05,0.003952776000005542
348,11,11,340,0.7816091954022989,8.019999995667604e-06,0.003940935999935391
349,3,2,321,0.7379310344827587,4.302099978303886e-05,0.003980525999850215
350,24,7,336,0.7724137931034483,6.759100006092922e-05,0.0039804359998925065
351,14,15,326,0.7494252873563219,5.592000002252462e-05,0.0039517459999842686
352,13,18,324,0.7448275862068966,6.811000002926448e-05,0.003948146000084307
353,5,20,318,0.7310344827586207,6.144100007077213e-05,0.003976266000108808
354,19,3,338,0.7770114942528735,2.1639999886247097e-05,0.003939446000003954
355,28,24,337,0.774712643678161,6.402000008165487e-05,0.0039427260001048126
356,18,2,333,0.7655172413793103,3.579999997782579e-05,0.00382362599998487
357,16,4,345,0.7931034482758621,7.431099993482349e-05,0.0039197259998218215
358,20,19,327,0.7517241379310344,3.443000014158315e-05,0.00397019599995474
359,18,23,314,0.7218390804597701,7.185000004028552e-05,0.0039152469998953165
360,14,12,342,0.7862068965517242,5.3659999821320525e-05,0.003938295999887487
361,26,28,326,0.7494252873563219,6.226999994396465e-05,0.003909285999952772
362,15,12,337,0.774712643678161,2.0860000176980975e-05,0.003961096000011821
363,23,29,336,0.7724137931034483,6.0439999970185454e-05,0.003896125999972355
364,8,11,317,0.728735632183908,3.500000002532033e-05,0.003961985999922035
365,22,15,326,0.7494252873563219,2.2299999955066596e-05,0.003994725999973525
366,27,2,333,0.7655172413793103,6.66600001295592e-05,0.003939136000099097
367,11,10,332,0.7632183908045977,5.9020000207965495e-05,0.0039508659999683005
368,4,23,346,0.7954022988505747,7.434999997713021e-05,0.003908645999899818
369,25,18,335,0.7701149425287356,1.5519999806201668e-05,0.003924546000007467
370,22,23,340,0.7816091954022989,5.399099995884171e-05,0.003921095999885438
371,20,27,331,0.7609195402298851,4.260000014255638e-05,0.00399748599988925
372,7,4,335,0.7701149425287356,6.0860000075990683e-05,0.004003986000043369
373,22,26,339,0.7793103448275862,3.52399999883346e-05,0.0039054260000739305
374,22,0,325,0.7471264367816092,6.344000007629802e-05,0.003944845999967583
375,29,26,326,0.7494252873563219,2.0019999965370516e-05,0.0039025260000471462
376,23,4,332,0.7632183908045977,5.863000001227192e-05,0.003946557000062967
377,2,11,329,0.7563218390804598,6.009100002302148e-05,0.003997035999873333
378,23,0,324,0.7448275862068966,8.769099986238871e-05,0.003957406000154151
379,17,11,323,0.7425287356321839,3.6949999866919825e-05,0.003991127000062988
380,17,7,314,0.7218390804597701,7.722099985585373e-05,0.0039687460000550345
381,10,6,322,0.7402298850574712,7.171100014602416e-05,0.003958766000096148
382,6,28,330,0.7586206896551724,1.7100000150094274e-05,0.003947946999915075
383,22,8,328,0.7540229885057471,2.9901000061727245e-05,0.003972446000034324
384,0,24,340,0.7816091954022989,6.916999996064987e-05,0.003952636000121856
385,18,1,332,0.7632183908045977,6.8440999939412e-05,0.004093876999831991
386,15,17,318,0.7310344827586207,5.2801000038016355e-05,0.004039436000084606
387,20,10,327,0.7517241379310344,4.159000013714831e-05,0.0038902559999769437
388,10,9,315,0.7241379310344828,7.113000015124271e-05,0.003976567000108844
389,2,21,331,0.7609195402298851,6.383999993886391e-05,0.0039571459999478975
390,26,17,332,0.7632183908045977,4.58699998944212e-05,0.004140716999927463
391,25,15,334,0.767816091954023,5.633099999613478e-05,0.0039004560001103528
392,11,18,334,0.767816091954023,4.915099998470396e-05,0.003977785999950356
393,28,21,333,0.7655172413793103,7.243100003506697e-05,0.0039119859998208995
394,24,12,335,0.7701149425287356,0.00012303099993005162,0.003979975999982344
395,21,3,335,0.7701149425287356,4.8209999931714265e-05,0.003992266000068412
396,10,24,324,0.7448275862068966,3.4529999993537785e-05,0.003967996000028506
397,14,18,346,0.7954022988505747,7.656100001440791e-05,0.003868055000111781
398,14,14,312,0.7172413793103448,8.709999974598759e-06,0.003941275999977734
399,28,7,335,0.7701149425287356,8.262000005743175e-05,0.003937255999971967
400,14,3,332,0.7632183908045977,6.018099998073012e-05,0.003949226000031558
401,5,23,337,0.774712643678161,4.1810000084296917e-05,0.003954066000005696
402,5,29,318,0.7310344827586207,2.0329999870227766e-05,0.003913966000027358
403,19,0,336,0.7724137931034483,5.771999985881848e-05,0.0039501969999946596
404,11,13,349,0.8022988505747126,6.809000001339882e-05,0.003912005999836765
405,1,12,324,0.7448275862068966,1.6540000160603086e-05,0.00392630599981203
406,8,6,328,0.7540229885057471,5.47100000858336e-05,0.003991517000031308
407,8,20,323,0.7425287356321839,8.450100017398654e-05,0.004027025999903344
408,28,6,329,0.7563218390804598,7.991099982973537e-05,0.003879506000203037
409,9,16,329,0.7563218390804598,6.050100000720704e-05,0.0038667359999635664
410,25,29,337,0.774712643678161,2.9719999929511687e-05,0.004027317000009134
411,16,7,336,0.7724137931034483,7.20800001090538e-05,0.003960855999821433
412,9,3,328,0.7540229885057471,4.00500000523607e-05,0.003955165999968813
413,1,2,326,0.7494252873563219,6.29599999228958e-05,0.003924675999996907
414,18,26,324,0.7448275862068966,2.0489999997153063e-05,0.003931266999870786
415,28,13,333,0.7655172413793103,7.470099990314338e-05,0.003918626000086078
416,10,22,329,0.7563218390804598,4.524999985733302e-05,0.003913015999842173
417,6,12,325,0.7471264367816092,5.802999999104941e-05,0.004041717000063727
418,17,16,339,0.7793103448275862,6.926099990778312e-05,0.003922926000086591
419,26,0,330,0.7586206896551724,1.5020999853732064e-05,0.003946416000189856
420,4,18,339,0.7793103448275862,5.555000007007038e-05,0.005671523999808414
421,19,2,319,0.7333333333333333,0.00012836099995183758,0.006088263999799892
422,29,7,320,0.735632183908046,9.209099994222925e-05,0.003938445999892792
423,8,18,312,0.7172413793103448,4.379000006338174e-05,0.0039688259998911235
424,18,27,326,0.7494252873563219,7.44000001304812e-05,0.003916305999837277
425,28,16,346,0.7954022988505747,5.688999999620137e-05,0.003925396000113324
426,8,25,329,0.7563218390804598,2.6519999892116175e-05,0.003923605999943902
427,23,12,320,0.735632183908046,5.3530000059254235e-05,0.003997466000100758
428,27,2,324,0.7448275862068966,5.2950000053897384e-05,0.003886346000172125
429,26,18,342,0.7862068965517242,3.770100011024624e-05,0.003957416000048397
430,12,9,328,0.7540229885057471,2.0869999843853293e-05,0.003912315999968996
431,26,21,319,0.7333333333333333,3.101000015703903e-05,0.00390368600005786
432,29,24,325,0.7471264367816092,6.817000007686147e-05,0.003977487000156543
433,18,12,316,0.7264367816091954,5.6209999911516206e-05,0.00394795600004727
434,29,9,325,0.7471264367816092,3.5190000062357285e-05,0.003941715999872031
435,26,14,311,0.7149425287356321,6.824999991295044e-05,0.00397564600007172
436,24,13,312,0.7172413793103448,4.350000017439015e-05,0.003951096000037069
437,23,0,330,0.7586206896551724,3.08600001517334e-05,0.003888645999950313
438,4,6,321,0.7379310344827587,4.287100000510691e-05,0.00385924499983048
439,8,10,332,0.7632183908045977,5.723999993278994e-05,0.0039158260001386225
440,7,22,341,0.7839080459770115,6.677999999737949e-05,0.0039008759999887843
441,22,7,331,0.7609195402298851,8.301000002575165e-05,0.00394859599987285
442,25,28,325,0.7471264367816092,3.573000003598281e-05,0.003928176000044914
443,3,13,329,0.7563218390804598,4.5130999978937325e-05,0.00387794599987501
444,1,2,327,0.7517241379310344,4.2861000110860914e-05,0.0038613550000263785
445,20,17,344,0.7908045977011494,3.2469999950990314e-05,0.003926846000013029
446,3,15,327,0.7517241379310344,3.7199999951553764e-05,0.003922655999986091
447,19,13,325,0.7471264367816092,5.531100009648071e-05,0.0038921860000300512
448,2,18,335,0.7701149425287356,4.2169999915131484e-05,0.003868986000043151
449,23,15,326,0.7494252873563219,5.063000003246998e-05,0.003845636000050945
450,18,14,310,0.7126436781609196,2.05899998491077e-05,0.004008177000059732
451,2,21,337,0.774712643678161,3.314000014142948e-05,0.003931016000024101
452,6,2,340,0.7816091954022989,3.518999983498361e-05,0.003927677000092444
453,19,4,339,0.7793103448275862,5.0041000122291734e-05,0.003951046000111091
454,2,18,336,0.7724137931034483,5.648000001201581e-05,0.003902165999988938
455,14,16,331,0.7609195402298851,7.985999991433346e-05,0.003923065999970277
456,26,19,330,0.7586206896551724,1.653999993322941e-05,0.003878565999912098
457,25,26,330,0.7586206896551724,3.4631000062290695e-05,0.0038649149998946086
458,16,4,332,0.7632183908045977,4.844000000048254e-05,0.003909335999878749
459,23,15,336,0.7724137931034483,6.818999986535346e-05,0.004019057000050452
460,28,18,335,0.7701149425287356,5.368000006455986e-05,0.003976927000167052
461,9,12,326,0.7494252873563219,4.1860000010274234e-05,0.003922327000054793
462,11,11,340,0.7816091954022989,8.060000027398928e-06,0.004000436000069385
463,29,23,330,0.7586206896551724,6.650999989687989e-05,0.0039236360000813875
464,21,9,340,0.7816091954022989,4.544000012174365e-05,0.003920055999969918
465,28,0,326,0.7494252873563219,3.90099999094673e-05,0.003869355999995605
466,3,14,336,0.7724137931034483,3.8579999909416074e-05,0.003919486000086181
467,11,7,316,0.7264367816091954,6.570999994437443e-05,0.003919356000096741
468,20,20,332,0.7632183908045977,7.960000175444293e-06,0.003921916000081183
469,9,23,326,0.7494252873563219,7.483000013053243e-05,0.003985395999961838
470,21,5,323,0.7425287356321839,4.321000005802489e-05,0.0039261259998966125
471,3,1,323,0.7425287356321839,4.459999991013319e-05,0.003920626000081029
472,22,18,333,0.7655172413793103,7.629000015185738e-05,0.003950975999941875
473,13,3,332,0.7632183908045977,2.4280000161525095e-05,0.003919466000070315
474,20,21,345,0.7931034482758621,5.7190000006812625e-05,0.003961745999959021
475,23,8,338,0.7770114942528735,6.346000009216368e-05,0.00390407600002618
476,11,5,327,0.7517241379310344,7.527100001425424e-05,0.003865485999995144
477,23,4,334,0.767816091954023,6.469100003414496e-05,0.003958325999974477
478,17,10,329,0.7563218390804598,2.6749999960884452e-05,0.003921065999975326
479,22,14,319,0.7333333333333333,5.102999989503587e-05,0.00395724700001665
480,8,28,338,0.7770114942528735,4.6419999989666394e-05,0.003922985999906814
481,12,25,326,0.7494252873563219,4.59799998679955e-05,0.003956855999831532
482,4,12,339,0.7793103448275862,7.686000003559457e-05,0.0039842870000939
483,5,0,324,0.7448275862068966,6.714999994983373e-05,0.0039008659998671646
484,27,29,328,0.7540229885057471,4.0299999909620965e-05,0.003962905999969735
485,2,15,334,0.767816091954023,2.154000003429246e-05,0.003972166000039579
486,10,15,328,0.7540229885057471,4.232000014781079e-05,0.003924026000049707
487,4,15,324,0.7448275862068966,3.544100013641582e-05,0.003996376000031887
488,26,9,320,0.735632183908046,3.516000015224563e-05,0.004075197000020125
489,14,3,334,0.767816091954023,4.0169999920181e-05,0.003938186000141286
490,5,24,337,0.774712643678161,7.07500000771688e-05,0.003904766000005111
491,0,21,322,0.7402298850574712,4.777999993166304e-05,0.003928146000134802
492,10,1,323,0.7425287356321839,2.715000005082402e-05,0.0038817059999018966
493,22,22,314,0.7218390804597701,8.04999990577926e-06,0.003977317000135372
494,13,10,330,0.7586206896551724,2.1270000161166536e-05,0.00390497599983064
495,1,20,321,0.7379310344827587,4.792000004272268e-05,0.00394808600003671
496,24,11,322,0.7402298850574712,4.149999995206599e-05,0.003922056000192242
497,20,28,328,0.7540229885057471,6.0290999954304425e-05,0.003949945999920601
498,23,24,331,0.7609195402298851,4.768000007970841e-05,0.003991726000094786
499,19,7,331,0.7609195402298851,4.1099999862126424e-05,0.003974005999907604
500,10,9,328,0.7540229885057471,3.479999986666371e-05,0.00399936600001638
501,7,23,320,0.735632183908046,7.54500001676206e-05,0.003958576000059111
502,20,10,330,0.7586206896551724,6.695000001855078e-05,0.003950655999915398
503,5,19,318,0.7310344827586207,4.760999991049175e-05,0.003950415999952384
504,19,9,337,0.774712643678161,8.34299999041832e-05,0.003927615999828049
505,2,4,330,0.7586206896551724,7.902000015747035e-05,0.0038822559999971418
506,10,0,340,0.7816091954022989,2.405999998700281e-05,0.0038808660001450335
507,18,29,332,0.7632183908045977,6.525000003421155e-05,0.003966767000065374
508,16,8,326,0.7494252873563219,5.854000005456328e-05,0.003943666999930429
509,18,2,315,0.7241379310344828,6.794000000809319e-05,0.003942766999898595
510,26,15,334,0.767816091954023,3.9850000121077755e-05,0.003921145999811415
511,28,4,331,0.7609195402298851,5.4940000154601876e-05,0.003954926000005798
512,3,6,325,0.7471264367816092,7.621999998264073e-05,0.003900015999988682
513,11,20,324,0.7448275862068966,4.724000018541119e-05,0.0039778259999820875
514,24,3,333,0.7655172413793103,3.598000012061675e-05,0.00389784599997256
515,11,6,314,0.7218390804597701,6.997099990257993e-05,0.003957676000027277
516,28,27,335,0.7701149425287356,7.66100001783343e-05,0.003872966000017186
517,17,3,344,0.7908045977011494,7.047100007184781e-05,0.00395696600003248
518,1,20,328,0.7540229885057471,3.749000006791903e-05,0.0039414759999090165
519,25,11,334,0.767816091954023,6.26210000973515e-05,0.0038820950001081656
520,12,25,331,0.7609195402298851,5.1459999895087094e-05,0.0038902559999769437
521,14,8,327,0.7517241379310344,8.025000011002703e-05,0.003957736000074874
522,6,22,324,0.7448275862068966,5.656999996972445e-05,0.003970616000060545
523,23,13,338,0.7770114942528735,5.119000002196117e-05,0.003940675999956511
524,0,5,321,0.7379310344827587,6.460000008701172e-05,0.0039341060000879224
525,5,4,329,0.7563218390804598,2.6519999892116175e-05,0.003956095999910758
526,21,0,341,0.7839080459770115,4.059999992023222e-05,0.0039595460000327876
527,20,9,336,0.7724137931034483,3.4989999903700664e-05,0.003972426000018459
528,29,16,324,0.7448275862068966,4.4750000142812496e-05,0.003917545999911454
529,13,26,342,0.7862068965517242,7.260999996105966e-05,0.00388021599997046
530,9,20,325,0.7471264367816092,2.160999997613544e-05,0.003988766999782456
531,24,6,336,0.7724137931034483,7.011000002421497e-05,0.00398201699999845
532,28,15,321,0.7379310344827587,3.670000000965956e-05,0.00399886700006391
533,25,10,330,0.7586206896551724,2.9949999998279964e-05,0.003939936000051603
534,4,24,337,0.774712643678161,6.222000001798733e-05,0.0039172459999008424
535,27,4,328,0.7540229885057471,5.534000001716777e-05,0.003958876000069722
536,29,28,329,0.7563218390804598,8.287000014206569e-05,0.003917895999848042
537,22,24,334,0.767816091954023,4.340100008448644e-05,0.0038984749999144697
538,25,6,324,0.7448275862068966,4.2520000079093734e-05,0.004019085999971139
539,1,26,315,0.7241379310344828,2.6140000045415945e-05,0.004008466999948723
540,4,22,322,0.7402298850574712,5.364999992707453e-05,0.00392515699991236
541,7,4,330,0.7586206896551724,7.636100008312496e-05,0.0039301760000398644
542,7,0,329,0.7563218390804598,2.2390000140148913e-05,0.0038339959999120765
543,23,18,322,0.7402298850574712,5.693100001735729e-05,0.003954556000053344
544,2,8,324,0.7448275862068966,3.142000014122459e-05,0.003895756000019901
545,15,14,321,0.7379310344827587,2.831000006153772e-05,0.003958206000106657
546,29,9,330,0.7586206896551724,5.411099982666201e-05,0.0039037960000314342
547,10,27,348,0.8,6.504999987555493e-05,0.0039985470000374335
548,27,19,336,0.7724137931034483,7.791099983478489e-05,0.0039057360002061614
549,1,27,340,0.7816091954022989,2.5699999923745054e-05,0.003985777000025337
550,29,24,324,0.7448275862068966,3.25299999985873e-05,0.003947736000100122
551,25,5,323,0.7425287356321839,8.245000003626046e-05,0.003920096000001649
552,8,23,331,0.7609195402298851,6.817000007686147e-05,0.003964626000197313
553,10,9,328,0.7540229885057471,2.1869999955015373e-05,0.004010875999938435
554,20,10,332,0.7632183908045977,3.608999986681738e-05,0.0039285359998757485
555,17,3,326,0.7494252873563219,3.535100017870718e-05,0.003928936000193062
556,29,9,316,0.7264367816091954,6.017100008648413e-05,0.0039066360000106215
557,15,10,331,0.7609195402298851,6.155999994916783e-05,0.003975237000076959
558,17,22,327,0.7517241379310344,6.297000004451547e-05,0.0038826960001188127
559,29,29,326,0.7494252873563219,8.179999895219225e-06,0.0038619950000793324
560,28,20,336,0.7724137931034483,7.879000008870207e-05,0.003902305999872624
561,7,1,327,0.7517241379310344,1.5869999970163917e-05,0.0039962260000265815
562,19,9,323,0.7425287356321839,6.796100001338345e-05,0.004029826000078174
563,27,4,320,0.735632183908046,6.204999999681604e-05,0.004015815999991901
564,4,28,339,0.7793103448275862,4.085000000486616e-05,0.0038812459999917337
565,4,5,332,0.7632183908045977,6.948099985493172e-05,0.0038725849999536877
566,3,11,343,0.7885057471264367,6.512000004477159e-05,0.0039259860000129265
567,13,12,338,0.7770114942528735,4.828999999517691e-05,0.003906965999931344
568,19,15,315,0.7241379310344828,7.853100009924674e-05,0.003944895999893561
569,26,2,325,0.7471264367816092,4.8390000074505224e-05,0.0038966460001574887
570,14,4,316,0.7264367816091954,6.085999984861701e-05,0.003879266000012649
571,13,27,318,0.7310344827586207,4.025999987788964e-05,0.003968166000049678
572,12,10,326,0.7494252873563219,4.7389999963343143e-05,0.004017096000097808
573,8,11,331,0.7609195402298851,6.214000018189836e-05,0.003962935999879846
574,21,25,325,0.7471264367816092,6.954000014047779e-05,0.0039353259999188595
575,3,10,341,0.7839080459770115,6.377099998644553e-05,0.003936736000014207
576,22,1,337,0.774712643678161,6.666099989161012e-05,0.004008035999959247
577,0,22,334,0.767816091954023,6.530999985443486e-05,0.003955405999931827
578,6,29,329,0.7563218390804598,6.672000017715618e-05,0.003933585999902789
579,8,3,331,0.7609195402298851,4.6260999852165696e-05,0.003901994999978342
580,16,18,339,0.7793103448275862,6.604000009247102e-05,0.0039416659999460535
581,6,4,334,0.767816091954023,7.31999998606625e-05,0.004001167000069472
582,8,16,322,0.7402298850574712,4.95100000534876e-05,0.003949816000158535
583,7,4,329,0.7563218390804598,5.8680000165622914e-05,0.004000286000064079
584,2,19,324,0.7448275862068966,7.314999993468518e-05,0.003881736000039382
585,8,4,333,0.7655172413793103,5.53299998955481e-05,0.003967345999853933
586,10,14,334,0.767816091954023,6.567000014001678e-05,0.004012125999906857
587,17,8,329,0.7563218390804598,8.261999983005808e-05,0.0038929360000565794
588,3,10,303,0.696551724137931,6.0710000070685055e-05,0.003952686000047834
589,6,19,352,0.8091954022988506,7.904099993538694e-05,0.0038892360000772896
590,1,3,321,0.7379310344827587,4.151999996793165e-05,0.0039158459999271145
591,6,21,329,0.7563218390804598,5.5539999948450713e-05,0.003911556000048222
592,5,13,326,0.7494252873563219,5.691100000149163e-05,0.00394355599996743
593,15,6,317,0.728735632183908,6.551000001309149e-05,0.0039221660001658165
594,21,28,322,0.7402298850574712,5.547999990085373e-05,0.003935345999934725
595,20,19,342,0.7862068965517242,2.4510000002919696e-05,0.003942905999792856
596,1,0,327,0.7517241379310344,5.946100009168731e-05,0.003917296000054193
597,3,21,335,0.7701149425287356,7.644100014658761e-05,0.0039339060001566395
598,8,12,337,0.774712643678161,6.266999980653054e-05,0.003920125999911761
599,9,14,330,0.7586206896551724,5.488000010700489e-05,0.003943036999999094
600,26,5,324,0.7448275862068966,6.540100002894178e-05,0.003958106000027328
601,12,10,346,0.7954022988505747,5.124999984218448e-05,0.003908116000047812
602,8,5,333,0.7655172413793103,8.251999997810344e-05,0.003956986000048346
603,3,12,322,0.7402298850574712,7.806000007803959e-05,0.003889545999982147
604,28,6,327,0.7517241379310344,4.932100000587525e-05,0.003989526000168553
605,4,17,321,0.7379310344827587,4.793099992639327e-05,0.003922785999975531
606,14,0,328,0.7540229885057471,4.231999992043711e-05,0.0039400759999352886
607,23,8,346,0.7954022988505747,3.54000001152599e-05,0.0039039660000526055
608,20,11,322,0.7402298850574712,2.5650999987192336e-05,0.003967106000118292
609,27,12,342,0.7862068965517242,7.47910000882257e-05,0.003952785999899788
610,0,23,321,0.7379310344827587,4.1960000089602545e-05,0.0038858359998812375
611,0,10,334,0.767816091954023,3.385999980309862e-05,0.003971895999939079
612,12,29,333,0.7655172413793103,7.565999999314954e-05,0.003922566000028382
613,20,24,323,0.7425287356321839,4.107100016881304e-05,0.003924794999875303
614,1,5,337,0.774712643678161,6.38900000922149e-05,0.0039476470001318376
615,2,17,329,0.7563218390804598,7.19209999715531e-05,0.003956865999953152
616,4,26,325,0.7471264367816092,2.055000004475005e-05,0.003962816000012026
617,15,13,334,0.767816091954023,4.5380000074146665e-05,0.003910015999963434
618,22,6,353,0.8114942528735632,7.363999998233339e-05,0.00396053600002233
619,6,6,327,0.7517241379310344,7.900000127847306e-06,0.0038635050000266347
620,2,21,321,0.7379310344827587,4.9450000005890615e-05,0.003929105999986859
621,27,8,329,0.7563218390804598,5.583999995906197e-05,0.003970976000118753
622,3,13,323,0.7425287356321839,1.4879999980621506e-05,0.003945976000068185
623,22,15,319,0.7333333333333333,1.602999986971554e-05,0.003920875999938289
624,16,22,319,0.7333333333333333,7.964999986143084e-05,0.003990996000084124
625,27,10,313,0.7195402298850575,4.5899999804532854e-05,0.003979876000130389
626,16,22,336,0.7724137931034483,6.697000003441644e-05,0.003919966000012209
627,4,8,340,0.7816091954022989,6.0200000007171184e-05,0.0038724760001969116
628,13,11,335,0.7701149425287356,7.323999989239383e-05,0.003933186000040223
629,4,10,326,0.7494252873563219,8.2929999962289e-05,0.00398784699996213
630,28,0,344,0.7908045977011494,2.513100002943247e-05,0.003968395999891072
631,27,0,313,0.7195402298850575,3.055000001950248e-05,0.003975896999918405
632,15,11,327,0.7517241379310344,3.605000006245973e-05,0.0039710670000658865
633,14,10,318,0.7310344827586207,6.740000003446767e-05,0.0038620459999947343
634,12,11,332,0.7632183908045977,2.7880999823537422e-05,0.003943026000115424
635,8,10,330,0.7586206896551724,2.9889999950682977e-05,0.00391320599987921
636,21,10,325,0.7471264367816092,2.2909999870535103e-05,0.003988846000083868
637,17,9,332,0.7632183908045977,5.9260000170979765e-05,0.0039468560000841535
638,15,1,333,0.7655172413793103,4.9210000042876345e-05,0.003951416000063546
639,6,22,336,0.7724137931034483,6.0530999917318695e-05,0.0039262960001451574
640,29,23,327,0.7517241379310344,3.528999991431192e-05,0.003910826000037559
641,27,16,330,0.7586206896551724,6.75500000397733e-05,0.00394606599979852
642,22,26,331,0.7609195402298851,3.2229999987976043e-05,0.0039728859999286215
643,18,13,334,0.767816091954023,6.047099986972171e-05,0.003950126000063392
644,2,2,322,0.7402298850574712,7.869999990361976e-06,0.003868336000095951
645,28,2,349,0.8022988505747126,6.980000011935772e-05,0.003955506000011155
646,16,27,308,0.7080459770114943,4.3690000211427105e-05,0.004018086000087351
647,22,24,329,0.7563218390804598,7.320100007746078e-05,0.003979245999971681
648,16,22,344,0.7908045977011494,7.33609999770124e-05,0.00391877599986401
649,4,1,329,0.7563218390804598,3.895999998348998e-05,0.0039235159999861935
650,9,17,333,0.7655172413793103,2.3940000119182514e-05,0.0039285860000290995
651,0,2,331,0.7609195402298851,3.7960000099701574e-05,0.003957365999895046
652,6,14,340,0.7816091954022989,7.304099995053548e-05,0.003887046000045302
653,5,19,344,0.7908045977011494,5.102000000078988e-05,0.0039700769998489704
654,8,20,323,0.7425287356321839,5.654999995385879e-05,0.003969357000187301
655,2,2,347,0.7977011494252874,8.449999995718827e-06,0.0039299160000609845
656,13,29,324,0.7448275862068966,2.0220000124027138e-05,0.0039805559999877005
657,9,17,333,0.7655172413793103,5.188999989513832e-05,0.003840055999944525
658,27,24,336,0.7724137931034483,7.2589999945194e-05,0.0039261160000023665
659,27,8,327,0.7517241379310344,6.71099999181024e-05,0.003925456999922972
660,27,5,330,0.7586206896551724,5.0520000058895675e-05,0.0039929769998252596
661,8,27,344,0.7908045977011494,7.982100009940041e-05,0.003920596000170917
662,24,6,326,0.7494252873563219,5.609000004369591e-05,0.003944076999914614
663,0,25,321,0.7379310344827587,6.258000007619557e-05,0.00397064600019803
664,8,22,330,0.7586206896551724,8.178999996744096e-05,0.0039469359999202425
665,3,0,328,0.7540229885057471,6.877000009808398e-05,0.003949785999793676
666,19,6,343,0.7885057471264367,5.236000015429454e-05,0.003916195999863703
667,18,14,333,0.7655172413793103,6.349099999169994e-05,0.003944615999898815
668,20,17,345,0.7931034482758621,5.6241000038426137e-05,0.0039534659999844735
669,18,5,341,0.7839080459770115,4.190999993625155e-05,0.0039030059999731748
670,23,9,338,0.7770114942528735,6.252000002859859e-05,0.0039031960000102117
671,3,15,326,0.7494252873563219,2.8010000050926465e-05,0.0039548059999106044
672,7,28,328,0.7540229885057471,4.804100012734125e-05,0.003943196000136595
673,16,4,327,0.7517241379310344,8.960099989963055e-05,0.00392676600017694
674,13,23,326,0.7494252873563219,2.177999999730673e-05,0.0038988670000890124
675,2,24,322,0.7402298850574712,3.416000004108355e-05,0.003962856000043757
676,6,24,322,0.7402298850574712,5.340999996406026e-05,0.003975185999934183
677,0,25,330,0.7586206896551724,7.78900000568683e-05,0.003935346000162099
678,6,18,318,0.7310344827586207,7.886000003054505e-05,0.004010156000049392
679,20,12,327,0.7517241379310344,3.6809999983233865e-05,0.003945845999851372
680,3,25,341,0.7839080459770115,7.152100010898721e-05,0.0038758660000439704
681,15,0,333,0.7655172413793103,9.427999998479208e-05,0.003995897000095283
682,7,5,326,0.7494252873563219,5.938100002822466e-05,0.003938366000056703
683,24,14,315,0.7241379310344828,3.9100000094549614e-05,0.003970166000044628
684,13,11,322,0.7402298850574712,3.0220000098779565e-05,0.003982055999813383
685,8,9,346,0.7954022988505747,6.991000009293202e-05,0.003973045999828173
686,12,6,338,0.7770114942528735,6.631999985984294e-05,0.0039129060000959726
687,21,23,320,0.735632183908046,6.208000013430137e-05,0.003907265999941956
688,27,21,323,0.7425287356321839,5.279100014377036e-05,0.00390977600000042
689,13,6,316,0.7264367816091954,4.08299999890005e-05,0.004001496999990195
690,16,23,328,0.7540229885057471,7.034100008240785e-05,0.003943526000057318
691,5,19,310,0.7126436781609196,5.752100014433381e-05,0.003973655999971015
692,22,22,330,0.7586206896551724,8.069999921644921e-06,0.003922706000139442
693,8,3,328,0.7540229885057471,3.5270000125819934e-05,0.003954426000063904
694,23,2,308,0.7080459770114943,3.100100002484396e-05,0.003919945999996344
695,28,4,330,0.7586206896551724,7.213000003503112e-05,0.003917446000059499
696,23,6,318,0.7310344827586207,6.181000003380177e-05,0.0039048459998412
697,5,13,330,0.7586206896551724,4.7900000026857015e-05,0.003975966000098197
698,2,10,339,0.7793103448275862,3.118000017821032e-05,0.003920145999927627
699,6,19,327,0.7517241379310344,3.4440000035829144e-05,0.0039025159999255266
700,27,3,332,0.7632183908045977,4.833999992115423e-05,0.003972105999991982
701,18,9,334,0.767816091954023,5.946000010226271e-05,0.003933055999823409
702,27,16,340,0.7816091954022989,6.58800001929194e-05,0.003950975999941875
703,14,5,334,0.767816091954023,3.0371000093509792e-05,0.0038776360001975263
704,4,28,331,0.7609195402298851,7.468099988727772e-05,0.003979666000077486
705,12,6,345,0.7931034482758621,7.883999978730571e-05,0.003913525999905687
706,16,28,327,0.7517241379310344,3.96209998143604e-05,0.003934556000103839
707,27,26,335,0.7701149425287356,3.8780000068072695e-05,0.003942426000094201
708,16,18,331,0.7609195402298851,6.404000009752053e-05,0.003940886000009414
709,28,22,340,0.7816091954022989,7.702999982939218e-05,0.003898936000041431
710,18,29,322,0.7402298850574712,7.461999985025614e-05,0.004015016000039395
711,11,11,335,0.7701149425287356,8.370000159629853e-06,0.00393297599998732
712,29,4,326,0.7494252873563219,5.308100003276195e-05,0.003931736000140518
713,6,17,340,0.7816091954022989,2.4230000008174102e-05,0.003904445999978634
714,6,26,322,0.7402298850574712,9.073999990505399e-05,0.004703349000010348
715,14,9,341,0.7839080459770115,8.972999989964592e-05,0.004010457000049428
716,27,9,319,0.7333333333333333,6.708999990223674e-05,0.003918816000123115
717,28,18,327,0.7517241379310344,8.198000000447792e-05,0.003948966000052678
718,14,27,316,0.7264367816091954,6.303999998635845e-05,0.003965207000192095
719,7,18,326,0.7494252873563219,4.573999990498123e-05,0.003996097000026566
720,14,22,327,0.7517241379310344,8.046099992498057e-05,0.003898895000020275
721,4,4,345,0.7931034482758621,8.100000059130252e-06,0.0038508659999934025
722,8,9,338,0.7770114942528735,5.759100008617679e-05,0.003956746000085332
723,0,0,330,0.7586206896551724,7.67000005907903e-06,0.003950836000058189
724,14,21,345,0.7931034482758621,3.2219999866356375e-05,0.003902476000121169
725,5,23,339,0.7793103448275862,5.124999984218448e-05,0.003906936000021233
726,10,18,327,0.7517241379310344,5.5379999821525416e-05,0.0038977960000465828
727,20,29,327,0.7517241379310344,7.113000015124271e-05,0.003900496000142084
728,22,26,329,0.7563218390804598,5.4569999974773964e-05,0.003921945999991294
729,0,14,322,0.7402298850574712,3.796999999394757e-05,0.003986596999993708
730,2,11,344,0.7908045977011494,5.1390999942668714e-05,0.00401563599984911
731,6,7,322,0.7402298850574712,3.2980000014504185e-05,0.0039756359999501
732,9,20,322,0.7402298850574712,6.639999992330559e-05,0.003983015999892814
733,12,17,347,0.7977011494252874,7.460999995601014e-05,0.003918355999985579
734,24,18,323,0.7425287356321839,6.136000001788489e-05,0.003919856000038635
735,13,13,331,0.7609195402298851,7.980000191309955e-06,0.003981726000120034
736,9,5,328,0.7540229885057471,6.397100014510215e-05,0.003902935000041907
737,21,12,335,0.7701149425287356,5.876999989595788e-05,0.003917376000117656
738,14,16,336,0.7724137931034483,6.954100012990239e-05,0.0039453360000152315
739,29,12,346,0.7954022988505747,7.436100008817448e-05,0.003923065999970277
740,18,29,328,0.7540229885057471,4.6269999984360766e-05,0.004014446999917709
741,27,13,326,0.7494252873563219,4.976999980499386e-05,0.004022476000045572
742,2,13,324,0.7448275862068966,2.8680000013991958e-05,0.0039009160000205156
743,17,2,341,0.7839080459770115,5.4861000080563826e-05,0.0039018059999307297
744,21,28,324,0.7448275862068966,7.774000005156267e-05,0.0038662360000216722
745,3,29,331,0.7609195402298851,7.17000000349799e-05,0.00391004600010092
746,15,14,323,0.7425287356321839,4.749099980472238e-05,0.003920724999943559
747,11,24,338,0.7770114942528735,4.3719999894165085e-05,0.003920946000107506
748,9,12,349,0.8022988505747126,5.538100003832369e-05,0.003917195999974865
749,16,16,331,0.7609195402298851,8.060000027398928e-06,0.003915786000106891
750,8,19,323,0.7425287356321839,7.797000012033095e-05,0.003920105999895895
751,18,5,334,0.767816091954023,7.172000005084556e-05,0.003909544999942227
752,3,12,311,0.7149425287356321,7.475999996131577e-05,0.003931036000039967
753,27,26,334,0.767816091954023,1.567000003888097e-05,0.004015785999854415
754,17,29,338,0.7770114942528735,5.041000008532137e-05,0.0039920359999996435
755,17,15,333,0.7655172413793103,3.0870000045979396e-05,0.003967716000033761
756,8,10,335,0.7701149425287356,1.7250000155399903e-05,0.0039144649999798276
757,23,17,320,0.735632183908046,6.637000001319393e-05,0.003932666000082463
758,1,28,331,0.7609195402298851,5.5389999943145085e-05,0.003873796000107177
759,29,20,327,0.7517241379310344,4.1550000105416984e-05,0.0038988459998563485
760,3,7,337,0.774712643678161,7.03799998973409e-05,0.003974755999934132
761,23,25,336,0.7724137931034483,5.2730000106748776e-05,0.003880754999954661
762,17,25,306,0.7034482758620689,7.237999989229138e-05,0.0038346159999491647
763,29,15,334,0.767816091954023,1.567000003888097e-05,0.003974377000076856
764,27,10,326,0.7494252873563219,2.0570000060615712e-05,0.003915955999900689
765,9,19,311,0.7149425287356321,6.453000014516874e-05,0.003946836000068288
766,28,9,322,0.7402298850574712,8.420099993600161e-05,0.003932444999918516
767,11,15,348,0.8,2.8960000008737552e-05,0.00392844599991804
768,23,12,314,0.7218390804597701,3.351999998812971e-05,0.003956745999857958
769,10,10,333,0.7655172413793103,7.830000186004327e-06,0.0038895659999980126
770,2,19,324,0.7448275862068966,7.9059999961828e-05,0.0040173859999868
771,1,17,320,0.735632183908046,3.146999983982823e-05,0.003922895999949105
772,14,20,334,0.767816091954023,4.505999982029607e-05,0.0039051159999416996
773,7,28,312,0.7172413793103448,4.607000005307782e-05,0.003998606000095606
774,5,22,324,0.7448275862068966,4.472999989957316e-05,0.0038997859999199136
775,13,11,332,0.7632183908045977,1.5520000033575343e-05,0.003920275999917067
776,29,22,327,0.7517241379310344,4.789000013261102e-05,0.003953056000000288
777,18,7,331,0.7609195402298851,7.332999985010247e-05,0.003975717000002987
778,7,15,339,0.7793103448275862,4.377000004751608e-05,0.0039033359998938977
779,27,19,341,0.7839080459770115,3.5059999845543643e-05,0.0038852459999816347
780,15,5,340,0.7816091954022989,5.390100000113307e-05,0.003920324999853619
781,16,6,344,0.7908045977011494,5.944000008639705e-05,0.003924955999991653
782,0,3,329,0.7563218390804598,6.159000008665316e-05,0.003804725000009057
783,24,17,327,0.7517241379310344,6.464000011874305e-05,0.003909146000069086
784,22,15,309,0.7103448275862069,1.6070999890871462e-05,0.0038578050000523945
785,1,16,335,0.7701149425287356,4.014000001006934e-05,0.0039648859999488195
786,13,13,331,0.7609195402298851,7.980000191309955e-06,0.003936515000077634
787,5,0,339,0.7793103448275862,6.382999981724424e-05,0.0039271959999496175
788,24,29,329,0.7563218390804598,3.9819999983592425e-05,0.00394451600004686
789,1,23,347,0.7977011494252874,6.425099991247407e-05,0.003939656000056857
790,25,4,346,0.7954022988505747,7.139100011954724e-05,0.0039211250000334985
791,2,2,337,0.774712643678161,7.869999990361976e-06,0.003888485999823388
792,8,12,323,0.7425287356321839,5.170100007489964e-05,0.00397311599999739
793,23,17,353,0.8114942528735632,7.144100004552456e-05,0.0038855860000239772
794,3,7,321,0.7379310344827587,4.764000004797708e-05,0.003928266000002623
795,0,14,327,0.7517241379310344,4.529000011643802e-05,0.003972316000044884
796,25,9,322,0.7402298850574712,4.500999989431875e-05,0.00403397600007338
797,28,20,323,0.7425287356321839,1.5690000054746633e-05,0.003972847000113688
798,7,15,325,0.7471264367816092,7.937999998830492e-05,0.0038995360000626533
799,24,12,312,0.7172413793103448,3.299999980299617e-05,0.0039672959999279556
800,9,27,333,0.7655172413793103,3.057000003536814e-05,0.003940536000072825
801,14,15,330,0.7586206896551724,7.755000001452572e-05,0.003978865999897607
802,10,23,314,0.7218390804597701,3.390000006220362e-05,0.003942785999925036
803,8,10,336,0.7724137931034483,5.232999978943553e-05,0.003926875999923141
804,16,6,315,0.7241379310344828,5.092999981570756e-05,0.003909985999825949
805,2,1,326,0.7494252873563219,5.844999986948096e-05,0.0039467359999889595
806,28,10,327,0.7517241379310344,2.4911000082283863e-05,0.003879715000039141
807,13,26,331,0.7609195402298851,5.1559999974415405e-05,0.0038598159999310155
808,16,3,317,0.728735632183908,7.227999981296307e-05,0.003940695999972377
809,28,15,327,0.7517241379310344,4.2590000020936714e-05,0.003972865999912756
810,25,3,331,0.7609195402298851,6.460999998125772e-05,0.0038622559998202632
811,10,3,331,0.7609195402298851,4.289000003154797e-05,0.003968316000054983
812,13,9,325,0.7471264367816092,8.047999995142163e-05,0.0039431860000149754
813,12,17,330,0.7586206896551724,4.737000017485116e-05,0.003947125999957279
814,6,12,339,0.7793103448275862,7.243999993988837e-05,0.003926346000071135
815,29,6,336,0.7724137931034483,1.5989999837984215e-05,0.003997635999894555
816,1,10,323,0.7425287356321839,4.688000012720295e-05,0.003918735999832279
817,18,23,329,0.7563218390804598,2.593099998193793e-05,0.003963156000054369
818,6,2,332,0.7632183908045977,7.99509998614667e-05,0.0039232759997958055
819,10,5,330,0.7586206896551724,7.432999996126455e-05,0.003947566999841001
820,21,28,336,0.7724137931034483,7.769999979245767e-05,0.004041896999979144
821,9,18,343,0.7885057471264367,4.919100001643528e-05,0.003968585999928109
822,10,25,330,0.7586206896551724,2.4210000219682115e-05,0.003973875999918164
823,21,19,308,0.7080459770114943,6.58399999338144e-05,0.004031985999972676
824,20,18,324,0.7448275862068966,5.410999983723741e-05,0.003993316000105551
825,25,1,335,0.7701149425287356,1.563999990139564e-05,0.003908795999905124
826,8,27,338,0.7770114942528735,6.314999995993276e-05,0.00395696600003248
827,0,3,333,0.7655172413793103,8.08800000413612e-05,0.003923536000002059
828,29,22,322,0.7402298850574712,5.635000002257584e-05,0.003971046000060596
829,26,9,332,0.7632183908045977,6.908000000294123e-05,0.00397615599990786
830,3,17,310,0.7126436781609196,1.4810000038778526e-05,0.003990736000105244
831,17,19,328,0.7540229885057471,1.5930000017760904e-05,0.0039056159998835938
832,5,7,335,0.7701149425287356,7.85600000199338e-05,0.003969335999954637
833,7,14,317,0.728735632183908,2.7349999982106965e-05,0.00389188600001944
834,19,5,338,0.7770114942528735,6.011000004946254e-05,0.0039055659999576164
835,28,9,330,0.7586206896551724,7.265999988703697e-05,0.0039752359998601605
836,1,9,320,0.735632183908046,5.589100010183756e-05,0.003976345999944897
837,13,14,313,0.7195402298850575,2.0530000028884388e-05,0.003911856000058833
838,21,23,324,0.7448275862068966,3.028999981324887e-05,0.003969136000023354
839,12,28,338,0.7770114942528735,4.556999988380994e-05,0.0039752060001774225
840,4,14,322,0.7402298850574712,6.103100008658657e-05,0.004011305999938486
841,26,21,329,0.7563218390804598,2.1360000118875178e-05,0.00393375599992396
842,12,27,333,0.7655172413793103,7.284999992407393e-05,0.0038948359999722015
843,15,9,335,0.7701149425287356,7.987999993019912e-05,0.003987776000030863
844,22,15,341,0.7839080459770115,5.9469999996508704e-05,0.0038795460000073945
845,17,2,332,0.7632183908045977,7.205099996099307e-05,0.003969916000187368
846,5,5,319,0.7333333333333333,7.999999979801942e-06,0.0038737160000437143
847,24,6,351,0.8068965517241379,7.266099987646157e-05,0.003907946000026641
848,2,17,312,0.7172413793103448,3.0379999998331186e-05,0.003968865999922855
849,12,26,321,0.7379310344827587,6.829999983892776e-05,0.0039044560001002537
850,17,28,334,0.767816091954023,2.9450999818436685e-05,0.003948985000079119
851,10,4,338,0.7770114942528735,6.220000000212167e-05,0.003938066000046092
852,26,8,349,0.8022988505747126,7.499000003008405e-05,0.003846025999791891
853,1,8,337,0.774712643678161,7.55209998715145e-05,0.0039586559998952
854,9,19,339,0.7793103448275862,2.5289999939559493e-05,0.003931025999918347
855,1,9,310,0.7126436781609196,6.582999981219473e-05,0.0040010260001963616
856,12,20,316,0.7264367816091954,5.8330000001660665e-05,0.003929506000076799
857,10,25,329,0.7563218390804598,8.300100012093026e-05,0.003931706000003032
858,9,28,332,0.7632183908045977,5.8880999858956784e-05,0.004061225999976159
859,27,20,343,0.7885057471264367,6.867000001875567e-05,0.003967996000028506
860,9,19,341,0.7839080459770115,6.359000008160365e-05,0.0039427960000466555
861,12,23,333,0.7655172413793103,3.424999999879219e-05,0.0038973260000148002
862,17,14,320,0.735632183908046,6.59499999073887e-05,0.003903106000052503
863,1,18,333,0.7655172413793103,7.187999995039718e-05,0.0038718060000064725
864,17,27,342,0.7862068965517242,5.866100013918185e-05,0.003912944999910906
865,16,0,331,0.7609195402298851,7.702000016251986e-05,0.003947206000020742
866,2,19,324,0.7448275862068966,7.683000012548291e-05,0.0039444059998459124
867,9,4,334,0.767816091954023,6.960100017749937e-05,0.004040346000010686
868,16,24,320,0.735632183908046,4.639999997380073e-05,0.003945045999898866
869,25,11,333,0.7655172413793103,2.1950000018478022e-05,0.0039814969998133165
870,14,3,335,0.7701149425287356,7.508099997721729e-05,0.003888604999929157
871,26,9,331,0.7609195402298851,3.783099987231253e-05,0.004002985999932207
872,0,4,328,0.7540229885057471,6.0460999975475715e-05,0.003962915999863981
873,3,9,317,0.728735632183908,5.220100001679384e-05,0.0039287060001242935
874,21,18,342,0.7862068965517242,5.3689999958805856e-05,0.0038967959999354207
875,14,21,312,0.7172413793103448,3.982999987783842e-05,0.003978446000019176
876,18,6,331,0.7609195402298851,2.94300000405201e-05,0.003954055999884076
877,17,21,328,0.7540229885057471,3.977000005761511e-05,0.003961105999906067
878,29,25,340,0.7816091954022989,6.188999986989074e-05,0.003955655999789087
879,15,26,329,0.7563218390804598,6.805999987591349e-05,0.003943206000030841
880,27,20,326,0.7494252873563219,3.741000000445638e-05,0.003972215999965556
881,8,22,331,0.7609195402298851,6.845999996585306e-05,0.003909795999788912
882,14,21,315,0.7241379310344828,6.431999986489245e-05,0.003926755999827947
883,0,19,310,0.7126436781609196,7.265999988703697e-05,0.003915745999847786
884,4,0,333,0.7655172413793103,4.6130000100674806e-05,0.003903865999973277
885,19,14,336,0.7724137931034483,3.2331000056728953e-05,0.003898974999856364
886,10,16,318,0.7310344827586207,5.716999999094696e-05,0.003951786000016
887,13,25,335,0.7701149425287356,6.729999995513936e-05,0.003888405999987299
888,27,11,322,0.7402298850574712,7.293100020433485e-05,0.003936726000119961
889,26,0,321,0.7379310344827587,3.231000005143869e-05,0.003938626000035583
890,18,5,330,0.7586206896551724,2.1949999791104347e-05,0.003971116000002439
891,8,24,338,0.7770114942528735,7.09200000983401e-05,0.003928756000050271
892,3,29,328,0.7540229885057471,3.615100013121264e-05,0.003943136000088998
893,29,1,323,0.7425287356321839,7.576000007247785e-05,0.003979276999871217
894,25,7,328,0.7540229885057471,7.256999992932833e-05,0.003958946000011565
895,3,13,335,0.7701149425287356,4.272000001037668e-05,0.0038724760001969116
896,27,25,329,0.7563218390804598,5.7360000027983915e-05,0.003914705999932266
897,2,25,322,0.7402298850574712,6.693000000268512e-05,0.003966565999917293
898,18,1,314,0.7218390804597701,4.788000001099135e-05,0.0039714259999072965
899,3,13,328,0.7540229885057471,5.677999979525339e-05,0.0039097659998788
900,13,9,321,0.7379310344827587,6.811000002926448e-05,0.003945085999930598
901,7,6,324,0.7448275862068966,6.525999992845755e-05,0.00398477599992475
902,28,28,323,0.7425287356321839,7.94000015957863e-06,0.0039677459999438724
903,13,4,340,0.7816091954022989,4.047100014759053e-05,0.003954335999878822
904,25,20,332,0.7632183908045977,5.276100000628503e-05,0.003924084999880506
905,21,2,347,0.7977011494252874,3.6160000036034035e-05,0.0039033460000155173
906,7,4,324,0.7448275862068966,6.674099995507277e-05,0.0038881350001247483
907,1,6,326,0.7494252873563219,5.3870000101596816e-05,0.003932906000045477
908,10,15,316,0.7264367816091954,7.159000006140559e-05,0.003931746000034764
909,20,26,335,0.7701149425287356,6.669999993391684e-05,0.003968276000023252
910,12,23,319,0.7333333333333333,4.467999997359584e-05,0.004052786999864111
911,29,17,308,0.7080459770114943,5.58299998374423e-05,0.00402162699992914
912,22,11,323,0.7425287356321839,3.8850000009915675e-05,0.003929635999838865
913,4,2,329,0.7563218390804598,4.6579999889218016e-05,0.003939876000004006
914,13,17,332,0.7632183908045977,8.061999983510759e-05,0.003967945999875155
915,17,3,314,0.7218390804597701,3.448100005698507e-05,0.004006465999964348
916,26,10,335,0.7701149425287356,3.0120000019451254e-05,0.003961117000017111
917,4,3,332,0.7632183908045977,3.2699999792384915e-05,0.003907466000100612
918,6,8,329,0.7563218390804598,4.357000011623313e-05,0.003936726000119961
919,1,9,340,0.7816091954022989,7.236999999804539e-05,0.003954275999831225
920,22,21,335,0.7701149425287356,7.073100005072774e-05,0.003978985999992801
921,14,19,330,0.7586206896551724,3.1600000056641875e-05,0.0038890460000402527
922,4,15,336,0.7724137931034483,5.153000006430375e-05,0.00394808600003671
923,3,20,324,0.7448275862068966,6.960999985494709e-05,0.003957795999895097
924,10,23,330,0.7586206896551724,7.606000008308911e-05,0.003920366000102149
925,29,17,338,0.7770114942528735,3.386000003047229e-05,0.004011127000012493
926,0,26,327,0.7517241379310344,4.1779999946811586e-05,0.0040139669999916805
927,26,19,318,0.7310344827586207,6.166099979054707e-05,0.0039793460000510095
928,1,8,327,0.7517241379310344,6.26909998118208e-05,0.0039935659999628115
929,5,7,329,0.7563218390804598,5.956999984846334e-05,0.003884645999960412
930,1,27,329,0.7563218390804598,2.448000009280804e-05,0.0039003059998776735
931,11,23,337,0.774712643678161,4.4480000042312895e-05,0.003982787000040844
932,17,17,340,0.7816091954022989,8.109999953376246e-06,0.003948596000100224
933,29,15,332,0.7632183908045977,5.802999999104941e-05,0.003880756000171459
934,9,25,319,0.7333333333333333,1.9080000129179098e-05,0.003929876000029253
935,9,7,328,0.7540229885057471,6.668999981229717e-05,0.003964585999938208
936,10,1,327,0.7517241379310344,7.116000006135437e-05,0.0038817560000552476
937,2,8,338,0.7770114942528735,4.289100002097257e-05,0.003986215999930209
938,17,24,332,0.7632183908045977,7.901000003585068e-05,0.0039714160000130505
939,13,27,327,0.7517241379310344,5.4840000075273565e-05,0.0039727559999391815
940,0,21,332,0.7632183908045977,3.8610000046901405e-05,0.003918105999900945
941,12,14,329,0.7563218390804598,4.1929999952117214e-05,0.003984037000009266
942,25,3,327,0.7517241379310344,7.445999995070451e-05,0.003994275999957608
943,18,3,330,0.7586206896551724,4.1189999819835066e-05,0.00394569600007344
944,26,26,314,0.7218390804597701,8.179999895219225e-06,0.003930935999960639
945,18,21,330,0.7586206896551724,2.933999985543778e-05,0.003926675999991858
946,3,21,333,0.7655172413793103,4.8631000026944093e-05,0.003955136000058701
947,3,0,316,0.7264367816091954,5.424000005405105e-05,0.003965375999996468
948,21,17,337,0.774712643678161,4.7869999889371684e-05,0.003922515999875031
949,2,15,316,0.7264367816091954,3.220999997211038e-05,0.003971075999970708
950,27,19,335,0.7701149425287356,6.137000013950455e-05,0.004019175999928848
951,28,17,336,0.7724137931034483,3.8540000105058425e-05,0.0038865860001351393
952,13,28,308,0.7080459770114943,3.569000000425149e-05,0.0039556259998789756
953,4,26,315,0.7241379310344828,6.110000003900495e-05,0.003926476000060575
954,26,2,328,0.7540229885057471,5.403000000114844e-05,0.004018787000177326
955,15,18,332,0.7632183908045977,3.179000009367883e-05,0.003986186000020098
956,28,17,326,0.7494252873563219,5.295999994814338e-05,0.003918595999948593
957,25,20,325,0.7471264367816092,4.3640999820127035e-05,0.0038865150002038718
958,19,21,341,0.7839080459770115,5.2220000043234904e-05,0.003958856000053856
959,27,14,337,0.774712643678161,1.7299999854003545e-05,0.003872945000011896
960,26,8,334,0.767816091954023,7.443000004059286e-05,0.003981925999823943
961,11,21,342,0.7862068965517242,5.684000007022405e-05,0.0038948450001043966
962,14,9,338,0.7770114942528735,2.704999997149571e-05,0.003952836000053139
963,1,14,336,0.7724137931034483,6.033999989085714e-05,0.004028805999951146
964,12,5,329,0.7563218390804598,7.785999991938297e-05,0.0039020659999096097
965,28,21,321,0.7379310344827587,4.345000002103916e-05,0.003955937000000631
966,18,25,316,0.7264367816091954,6.38499998331099e-05,0.003979875999903015
967,20,8,336,0.7724137931034483,7.209999989754579e-05,0.003905506000137393
968,7,20,348,0.8,3.400000014153193e-05,0.003992336000010255
969,1,14,339,0.7793103448275862,2.517999996598519e-05,0.0038733159999537747
970,10,28,349,0.8022988505747126,8.059100014179421e-05,0.003968425999801184
971,9,20,315,0.7241379310344828,5.1409999969109776e-05,0.003972817000203577
972,22,25,333,0.7655172413793103,5.023000016990409e-05,0.004006745999959094
973,6,17,330,0.7586206896551724,5.6939999922178686e-05,0.0038904559999082267
974,0,12,336,0.7724137931034483,8.031099991967494e-05,0.004107936000082191
975,18,15,338,0.7770114942528735,4.6899999915694934e-05,0.00396039599991127
976,24,1,312,0.7172413793103448,7.333000007747614e-05,0.004026576000114801
977,23,18,331,0.7609195402298851,2.4619999976494e-05,0.003933066000172403
978,20,1,325,0.7471264367816092,3.844999991997611e-05,0.003969165999933466
979,9,20,330,0.7586206896551724,4.782999985764036e-05,0.003966775999970196
980,2,7,326,0.7494252873563219,8.107000007839815e-05,0.003918514999895706
981,14,10,334,0.767816091954023,3.258000015193829e-05,0.00408949699999539
982,24,21,331,0.7609195402298851,3.0100000003585592e-05,0.0039687559999492805
983,9,1,325,0.7471264367816092,4.6169999905032455e-05,0.0040348059999359975
984,27,28,318,0.7310344827586207,8.442099988315022e-05,0.004032555999856413
985,0,8,306,0.7034482758620689,5.8330000001660665e-05,0.003975446999902488
986,10,11,321,0.7379310344827587,3.930000002583256e-05,0.003974065999955201
987,27,15,336,0.7724137931034483,6.897000002936693e-05,0.0038893260000349983
988,15,27,320,0.735632183908046,4.1289999899163377e-05,0.003957867000053739
989,0,21,331,0.7609195402298851,5.6989999848156e-05,0.00394581599994126
990,16,29,329,0.7563218390804598,5.0269999974261736e-05,0.004003025999963938
991,14,1,315,0.7241379310344828,4.7840000206633704e-05,0.003970316000049934
992,1,9,333,0.7655172413793103,4.73009999950591e-05,0.003919345999975121
993,23,7,327,0.7517241379310344,6.0150000081193866e-05,0.0038793059998170065
994,2,17,332,0.7632183908045977,6.7161000060878e-05,0.003972416000124213
995,19,12,323,0.7425287356321839,3.994999997303239e-05,0.004021006000130001
996,4,20,331,0.7609195402298851,3.5089999983028974e-05,0.004708598999968672
997,4,6,307,0.7057471264367816,6.848099997114332e-05,0.00608877400009078
998,11,5,326,0.7494252873563219,0.00013218999993114267,0.005004879999887635
999,4,18,342,0.7862068965517242,5.3759999900648836e-05,0.003949486000010438
